,Rating,Rating_Count,Selling_Price,brand,battery_hours,enc,anc,fast_charging,type_c,dual_pairing,gaming_mode,low_latency,rgb,mic_count
0,3.7,17411.0,2999.0,caidea,50.0,1,0,1,0,1,0,0,0,0
1,4.0,88956.0,3999.0,triggr,40.0,1,0,0,0,0,0,1,0,4
2,4.0,683.0,2899.0,beastbass,55.0,1,0,0,0,0,0,0,0,0
3,3.4,66399.0,1999.0,techfire,100.0,0,0,0,0,0,0,0,0,0
4,3.8,5925.0,3499.0,highnotes,120.0,1,0,0,0,0,0,0,0,4
5,4.1,46801.0,2999.0,mivi,45.0,1,0,1,0,0,0,0,0,0
6,3.7,1396.0,1999.0,techbros,48.0,0,0,0,0,0,0,0,0,0
7,4.0,12805.0,2499.0,chaebol,50.0,1,0,0,0,0,1,0,0,1
8,3.4,30349.0,2699.0,bullstorm,50.0,0,0,0,0,0,1,0,0,0
9,4.1,19944.0,2899.0,ptron,34.0,0,0,0,0,0,0,0,0,1
10,3.8,38093.0,2999.0,aroma,50.0,1,0,1,0,0,1,1,1,0
11,3.5,1072.0,1299.0,caidea,40.0,0,0,1,1,1,0,0,0,0
12,3.6,11839.0,1799.0,techio,50.0,0,1,0,0,0,0,0,0,0
13,4.0,12805.0,1999.0,shivay,48.0,0,1,1,0,0,0,0,0,1
14,4.0,723936.0,3490.0,boat,35.0,0,0,0,0,0,0,0,0,0
15,4.0,37564.0,2499.0,goboult,50.0,1,0,0,0,0,0,1,0,1
16,4.1,46801.0,2999.0,mivi,45.0,1,0,1,0,0,0,0,0,0
17,3.5,108298.0,1299.0,aroma,40.0,0,0,1,1,1,0,0,0,0
18,4.0,12805.0,999.0,gagandeep,50.0,0,1,0,0,0,0,0,0,1
19,3.8,317.0,1599.0,allons,50.0,0,0,0,0,0,0,0,0,0
20,4.1,19944.0,2899.0,ptron,34.0,0,0,0,0,0,0,0,0,1
21,4.1,82474.0,5999.0,goboult,60.0,1,0,0,0,0,0,0,0,1
22,4.1,137944.0,3499.0,noise,40.0,0,1,0,0,0,0,0,0,4
23,3.6,14742.0,1699.0,nexx,50.0,0,0,0,0,0,0,0,0,0
24,4.0,4903.0,2799.0,truke,70.0,1,0,0,0,0,0,0,0,1
25,3.6,70665.0,1999.0,myxes,50.0,0,0,0,0,0,1,0,0,0
26,3.9,17024.0,3999.0,triggr,60.0,1,0,0,0,1,0,0,0,4
27,4.0,413.0,9990.0,boat,50.0,0,1,0,0,0,0,0,0,0
28,4.0,12805.0,1599.0,3baan,50.0,1,0,0,0,0,0,0,0,0
29,3.6,4550.0,1974.0,gwalbros,50.0,0,0,0,0,0,0,0,0,0
30,4.1,145822.0,5999.0,goboult,60.0,1,0,1,0,0,0,0,0,1
31,3.9,17024.0,3999.0,triggr,60.0,1,0,0,0,1,0,0,0,4
32,4.1,19944.0,2899.0,ptron,34.0,0,0,0,0,0,0,0,0,1
33,4.0,12805.0,1000.0,rajibnew,25.0,0,0,0,1,0,0,0,0,0
34,3.8,890.0,1999.0,gwalbros,48.0,0,0,0,0,0,0,0,0,0
35,4.4,365757.0,1999.0,oneplus,50.0,0,0,0,0,0,0,0,0,1
36,4.0,49106.0,3999.0,triggr,60.0,1,0,0,0,0,0,1,0,0
37,4.1,171292.0,2999.0,goboult,48.0,1,0,0,0,0,1,1,0,1
38,4.1,68425.0,3999.0,hoppup,40.0,1,0,0,1,0,1,0,0,0
39,4.0,9603.0,2999.0,truke,70.0,1,0,0,0,0,0,0,0,1
40,4.1,205129.0,3499.0,goboult,48.0,1,0,0,0,0,0,0,0,4
41,3.6,12.0,2949.0,clubics,50.0,0,0,0,0,0,0,0,0,0
42,4.1,19944.0,2899.0,ptron,34.0,0,0,0,0,0,0,0,0,1
43,4.1,211409.0,5499.0,goboult,70.0,1,0,0,0,0,0,1,0,1
44,4.1,19944.0,2899.0,ptron,34.0,0,0,0,0,0,0,0,0,1
45,3.9,7817.0,4499.0,mivi,70.0,1,0,0,0,0,0,0,0,0
46,4.1,164300.0,5499.0,goboult,100.0,1,0,0,0,0,0,0,0,1
47,3.8,66493.0,3299.0,aroma,60.0,0,1,1,0,0,0,0,0,0
48,3.7,10657.0,1999.0,myxes,50.0,0,0,0,0,0,0,0,0,0
49,3.7,1261.0,1400.0,ns,50.0,0,0,0,0,0,0,0,0,1
50,3.9,7817.0,4499.0,mivi,70.0,1,0,0,0,0,0,0,0,0
51,4.0,49106.0,3999.0,triggr,60.0,1,0,0,0,0,0,1,0,0
52,4.3,125199.0,2499.0,realme,48.0,0,1,0,0,0,0,0,0,1
53,4.1,137944.0,3499.0,noise,40.0,0,1,0,0,0,0,0,0,4
54,3.8,66493.0,2999.0,aroma,60.0,0,0,1,0,0,0,0,0,0
55,3.6,10505.0,1199.0,hectic,50.0,0,0,0,0,0,0,0,0,0
56,4.0,37564.0,2499.0,goboult,50.0,1,0,0,0,0,0,1,0,1
57,4.1,9575.0,1999.0,triggr,50.0,0,0,0,0,0,0,0,0,0
58,3.7,17411.0,3499.0,caidea,75.0,0,1,1,0,0,0,0,0,0
59,4.0,43676.0,2999.0,truke,60.0,0,0,0,0,0,0,0,0,0
60,4.1,18146.0,3990.0,boat,40.0,0,0,0,0,0,0,0,0,0
61,4.1,211409.0,4999.0,goboult,60.0,1,0,0,0,0,0,1,0,1
62,4.0,4028.0,2499.0,truke,60.0,1,0,0,0,0,0,1,0,1
63,3.8,38093.0,2999.0,aroma,50.0,1,0,1,0,0,1,1,1,0
64,3.8,66493.0,3299.0,aroma,60.0,0,1,1,0,0,0,0,0,0
65,4.1,2201.0,1999.0,goboult,60.0,1,0,0,0,0,0,1,0,1
66,3.8,30391.0,3999.0,number,50.0,1,0,0,0,1,0,1,0,0
67,4.2,469.0,5499.0,goboult,75.0,1,0,0,0,1,0,0,0,4
68,4.1,12805.0,3999.0,mivi,60.0,1,0,1,0,0,0,0,0,0
69,3.9,724.0,2999.0,marq,30.0,1,0,1,1,0,0,0,0,2
70,4.1,576925.0,5499.0,goboult,50.0,1,0,1,0,0,0,0,0,1
71,3.5,1072.0,2399.0,caidea,30.0,0,0,1,1,0,0,0,0,0
72,4.1,18146.0,3990.0,boat,40.0,0,0,0,0,0,0,0,0,0
73,4.0,18291.0,4299.0,zebronics,60.0,1,0,0,0,0,0,0,0,0
74,3.8,66493.0,2299.0,aroma,60.0,0,0,1,0,1,0,0,0,0
75,4.0,3341.0,3199.0,ptron,45.0,1,0,0,0,0,0,1,0,0
76,3.9,71583.0,2999.0,triggr,40.0,1,0,1,0,0,0,0,0,0
77,4.0,32163.0,4999.0,number,50.0,1,0,0,0,0,1,1,1,1
78,4.2,11726.0,3290.0,boat,50.0,0,0,0,0,0,0,0,0,0
79,3.9,81371.0,2999.0,truke,48.0,1,0,0,0,0,1,0,0,4
80,4.1,82474.0,4999.0,goboult,60.0,1,0,0,0,1,0,0,0,1
81,4.1,82474.0,5999.0,goboult,100.0,1,0,0,0,1,0,0,0,1
82,3.9,24800.0,2499.0,goboult,55.0,1,0,0,0,0,0,1,0,1
83,4.4,59925.0,3699.0,oneplus,50.0,0,1,0,0,0,0,0,0,0
84,4.0,723936.0,3490.0,boat,35.0,0,0,0,0,0,0,0,0,0
85,4.0,2047075.0,2990.0,boat,70.0,0,0,0,0,0,0,0,0,0
86,4.1,265412.0,3499.0,goboult,40.0,1,0,0,0,0,1,1,0,1
87,4.1,205129.0,3499.0,goboult,48.0,1,0,0,0,0,0,0,0,4
88,3.8,1107.0,1999.0,youth,50.0,0,1,0,0,0,0,0,0,0
89,4.0,1087.0,4499.0,zebronics,40.0,1,0,0,0,0,1,1,0,4
90,4.1,95501.0,2999.0,goboult,60.0,1,0,0,0,0,0,1,0,1
91,4.1,145822.0,5999.0,goboult,60.0,1,0,1,0,0,0,0,0,1
92,4.0,20267.0,4999.0,redmi,50.0,1,1,0,0,0,0,0,0,1
93,4.1,4633.0,1999.0,philips,40.0,0,0,0,0,0,0,0,0,0
94,4.1,137944.0,3499.0,noise,40.0,0,1,0,0,0,1,0,0,4
95,3.7,17411.0,3499.0,caidea,60.0,0,1,1,0,0,0,0,0,0
96,4.0,33907.0,2999.0,truke,60.0,1,0,0,0,0,0,1,0,0
97,3.8,30391.0,3999.0,number,50.0,1,0,0,0,1,0,1,0,0
98,4.1,6884.0,2999.0,truke,70.0,1,0,0,0,0,0,0,0,4
99,3.9,1928.0,2299.0,ptron,50.0,1,0,0,0,0,1,0,0,0
100,4.0,12805.0,1400.0,ns,50.0,0,0,0,0,0,1,0,0,0
101,4.1,68425.0,3999.0,hoppup,40.0,1,0,0,1,0,0,0,0,0
102,4.0,4903.0,2799.0,truke,70.0,1,0,0,0,0,0,0,0,1
103,4.1,68425.0,3999.0,hoppup,40.0,1,0,0,1,0,0,0,0,0
104,3.9,6852.0,2299.0,truke,70.0,1,0,0,0,0,0,0,0,1
105,4.4,365757.0,2299.0,oneplus,50.0,0,0,0,0,0,0,0,0,2
106,3.4,4156.0,2899.0,caidea,40.0,1,0,1,0,1,0,0,0,0
107,4.1,9575.0,1999.0,triggr,50.0,0,0,0,0,0,0,0,0,0
108,3.6,3130.0,1999.0,myxes,50.0,0,0,0,0,0,0,0,0,0
109,4.4,59925.0,3699.0,oneplus,50.0,0,1,0,0,0,0,0,0,0
110,4.1,276196.0,4999.0,goboult,60.0,1,0,0,0,0,0,1,0,1
111,4.0,6919.0,2999.0,triggr,40.0,0,0,0,0,0,0,0,0,1
112,4.1,211409.0,5499.0,goboult,70.0,1,0,0,0,0,0,1,0,1
113,4.3,94041.0,3999.0,realme,40.0,0,1,0,0,0,0,0,0,0
114,3.8,13272.0,3499.0,goboult,80.0,1,0,0,0,1,1,0,0,1
115,4.0,18291.0,4299.0,zebronics,60.0,1,0,0,0,0,0,0,0,0
116,4.0,18413.0,1999.0,triggr,40.0,0,0,1,0,0,0,0,0,0
117,3.9,3654.0,3999.0,triggr,40.0,0,0,0,0,1,0,0,0,0
118,3.6,427.0,1992.0,gwalbros,48.0,0,0,0,0,0,0,0,0,0
119,4.2,442915.0,1999.0,realme,48.0,1,0,0,0,0,0,0,0,0
120,4.1,23978.0,2999.0,goboult,48.0,1,0,0,0,0,1,1,0,1
121,4.1,205129.0,3499.0,goboult,48.0,1,0,0,0,0,0,0,0,4
122,4.2,469.0,5499.0,goboult,75.0,1,0,0,0,1,0,0,0,4
123,4.1,19944.0,2899.0,ptron,34.0,0,0,0,0,0,0,0,0,1
124,4.0,1518858.0,2490.0,boat,40.0,0,0,0,0,0,0,0,0,0
125,4.1,211409.0,5499.0,goboult,70.0,1,0,0,0,0,0,1,0,1
126,4.0,14466.0,1999.0,triggr,40.0,0,0,0,0,0,0,0,0,0
127,4.1,10192.0,4999.0,hoppup,50.0,1,0,0,0,0,1,1,0,0
128,3.6,9554.0,949.0,spellcell,50.0,0,0,0,0,0,0,0,0,0
129,4.1,3045.0,4490.0,boat,50.0,0,0,0,0,0,0,0,0,0
130,4.1,6884.0,2999.0,truke,70.0,1,0,0,0,0,0,0,0,4
131,4.1,19944.0,2899.0,ptron,34.0,0,0,0,0,0,0,0,0,1
132,4.1,205129.0,3499.0,goboult,48.0,1,0,0,0,0,0,0,0,4
133,3.5,1072.0,2399.0,caidea,30.0,0,0,1,1,0,0,0,0,0
134,3.9,7817.0,4499.0,mivi,70.0,1,0,0,0,0,0,0,0,0
135,3.6,5523.0,1399.0,seashot,50.0,0,0,0,0,0,0,0,0,0
136,4.0,14466.0,1999.0,triggr,40.0,0,0,0,0,0,0,0,0,0
137,4.1,276196.0,4999.0,goboult,60.0,1,0,0,0,0,0,1,0,1
138,4.1,164300.0,5499.0,goboult,100.0,1,0,0,0,0,0,0,0,1
139,4.3,66064.0,2799.0,oneplus,50.0,0,1,0,0,0,0,0,0,0
140,3.6,1274.0,899.0,grostar,50.0,0,0,0,0,0,0,0,0,0
141,4.1,211409.0,5499.0,goboult,70.0,1,0,0,0,0,0,1,0,1
142,3.8,30391.0,3999.0,number,50.0,1,0,0,0,1,0,1,0,0
143,4.0,9603.0,2999.0,truke,70.0,1,0,0,0,0,0,0,0,1
144,4.0,18291.0,4299.0,zebronics,60.0,1,0,0,0,0,1,0,0,0
145,4.1,137944.0,3499.0,noise,40.0,0,1,0,0,0,0,0,0,4
146,3.9,121429.0,2999.0,mivi,40.0,1,0,1,0,0,0,1,0,0
147,3.7,651.0,7990.0,boat,50.0,0,1,0,0,0,0,0,0,0
148,4.2,469.0,5499.0,goboult,75.0,1,0,0,0,1,0,0,0,4
149,4.3,94041.0,2999.0,realme,200.0,0,1,0,0,0,0,0,0,4
150,4.1,164300.0,5499.0,goboult,100.0,1,0,0,0,0,0,0,0,1
151,4.1,3045.0,4490.0,boat,50.0,0,0,0,0,0,0,0,0,0
152,4.1,24130.0,4990.0,boat,50.0,0,0,0,0,0,0,0,0,1
153,4.1,82474.0,5999.0,goboult,100.0,1,0,0,0,1,0,0,0,1
154,4.2,442915.0,1999.0,realme,48.0,1,0,0,0,0,0,0,0,0
155,4.1,43623.0,2499.0,noise,45.0,1,1,0,0,0,0,1,0,0
156,4.1,171292.0,2999.0,goboult,48.0,1,0,0,0,0,1,1,0,1
157,3.9,71583.0,2999.0,triggr,40.0,1,0,1,0,0,0,0,0,0
158,3.9,150287.0,3990.0,boat,40.0,1,0,0,0,0,0,1,0,0
159,4.1,82474.0,5999.0,goboult,60.0,1,0,0,0,0,0,0,0,1
160,3.8,2820.0,3999.0,triggr,40.0,0,0,0,0,1,0,0,0,0
161,4.1,265412.0,2499.0,goboult,40.0,1,0,0,0,0,1,1,0,1
162,4.1,82474.0,5999.0,goboult,60.0,1,0,0,0,0,0,0,0,1
163,4.1,164300.0,5499.0,goboult,100.0,1,0,0,0,0,0,0,0,1
164,4.5,32677.0,4999.0,realme,52.0,1,1,0,0,0,0,1,0,0
165,4.3,7967.0,2999.0,cmf,55.0,0,1,0,0,0,0,0,0,0
166,4.2,469.0,5499.0,goboult,75.0,1,0,0,0,1,0,0,0,4
167,4.1,164300.0,5499.0,goboult,100.0,1,0,0,0,0,0,0,0,1
168,4.0,12805.0,2499.0,chaebol,50.0,1,0,0,0,0,1,0,0,1
169,4.1,576925.0,5499.0,goboult,50.0,1,0,1,0,0,0,0,0,1
170,4.4,1871.0,3499.0,truke,60.0,0,0,1,0,0,0,0,0,0
171,4.1,95501.0,1999.0,goboult,50.0,1,0,0,0,0,0,1,0,1
172,4.3,74907.0,2499.0,cmf,50.0,0,1,0,0,0,0,0,0,0
173,4.1,9575.0,1999.0,triggr,50.0,0,0,0,0,0,0,0,0,0
174,4.0,12805.0,1999.0,shivay,48.0,0,1,1,0,0,0,0,0,1
175,4.0,684761.0,2999.0,noise,50.0,0,0,0,0,0,0,0,0,0
176,3.7,21351.0,1999.0,aroma,40.0,0,0,1,0,0,0,0,0,0
177,3.9,17024.0,3999.0,triggr,60.0,1,0,0,0,1,0,0,0,4
178,4.1,211409.0,5499.0,goboult,70.0,1,0,0,0,0,0,1,0,1
179,4.0,12805.0,999.0,gagandeep,50.0,0,1,0,0,0,0,0,0,1
180,4.1,2062.0,4499.0,truke,70.0,0,0,0,0,1,0,0,0,0
181,4.2,123440.0,7990.0,boat,120.0,0,0,0,0,0,0,0,0,0
182,4.1,95501.0,2999.0,goboult,60.0,1,0,0,0,0,0,1,0,1
183,4.3,94041.0,3999.0,realme,40.0,0,1,0,0,0,0,0,0,0
184,4.1,82474.0,4999.0,goboult,60.0,1,0,0,0,1,0,0,0,1
185,4.3,125199.0,2499.0,realme,48.0,0,1,0,0,0,0,0,0,1
186,4.1,24130.0,4999.0,boat,50.0,0,0,0,0,0,0,0,0,1
187,4.1,95501.0,2999.0,goboult,60.0,1,0,0,0,0,0,1,0,1
188,3.9,150287.0,3990.0,boat,40.0,1,0,0,0,0,0,1,0,0
189,4.0,12805.0,1599.0,3baan,50.0,1,0,0,0,0,0,0,0,0
190,4.0,1658.0,3999.0,truke,70.0,1,0,0,0,1,0,0,0,1
191,4.1,441.0,4999.0,triggr,50.0,1,0,0,0,0,0,1,0,1
192,4.0,88956.0,3999.0,triggr,40.0,1,0,0,0,0,0,1,0,4
193,4.3,94041.0,2999.0,realme,200.0,0,1,0,0,0,0,0,0,4
194,4.1,205129.0,3499.0,goboult,70.0,1,0,0,0,0,0,0,0,1
195,4.0,12805.0,1000.0,rajibnew,25.0,0,0,0,1,0,0,0,0,0
196,4.0,43676.0,2999.0,truke,60.0,0,0,0,0,0,0,0,0,0
197,4.0,49106.0,3999.0,triggr,60.0,1,0,0,0,0,0,1,0,0
198,4.1,20406.0,3499.0,noise,40.0,1,0,0,0,0,0,0,0,4
199,4.1,95501.0,2999.0,goboult,60.0,1,0,0,0,0,0,1,0,1
200,4.1,9575.0,1999.0,triggr,50.0,0,0,0,0,0,0,0,0,0
201,4.1,82474.0,5999.0,goboult,100.0,1,0,0,0,1,0,0,0,1
202,4.1,137944.0,3499.0,noise,40.0,0,1,0,0,0,0,0,0,4
203,4.2,469.0,5499.0,goboult,75.0,1,0,0,0,1,0,0,0,4
204,4.0,12805.0,2499.0,chaebol,50.0,1,0,0,0,0,1,0,0,1
205,4.1,3045.0,4490.0,boat,50.0,0,0,0,0,0,0,0,0,0
206,4.0,6919.0,2999.0,triggr,40.0,0,0,0,0,0,0,0,0,1
207,3.9,17024.0,3999.0,triggr,60.0,1,0,0,0,1,0,0,0,4
208,4.2,442915.0,1999.0,realme,48.0,1,0,0,0,0,0,0,0,0
209,4.1,19410.0,3499.0,goboult,70.0,1,0,0,0,0,0,0,0,1
210,3.9,2230.0,2999.0,goboult,48.0,1,0,0,0,0,0,1,0,1
211,4.1,10719.0,4999.0,hoppup,50.0,1,0,0,0,0,1,1,1,0
212,4.0,12805.0,1999.0,shivay,48.0,0,1,1,0,0,0,0,0,1
213,4.3,5027.0,3999.0,cmf,50.0,0,1,0,0,0,0,0,0,1
214,4.0,20267.0,2999.0,redmi,30.0,1,1,0,0,0,1,1,0,0
215,4.0,12805.0,1599.0,3baan,50.0,1,0,0,0,0,0,0,0,0
216,4.2,123440.0,13990.0,boat,120.0,0,1,0,0,0,0,0,0,0
217,3.8,2820.0,3999.0,triggr,40.0,0,0,0,0,1,0,0,0,0
218,4.0,18291.0,4299.0,zebronics,60.0,1,0,0,0,0,0,0,0,0
219,4.0,13349.0,3990.0,boat,50.0,0,0,0,0,0,0,0,0,0
220,4.1,276196.0,4999.0,goboult,60.0,1,0,0,0,0,0,1,0,1
221,4.2,469.0,5499.0,goboult,75.0,1,0,0,0,1,0,0,0,4
222,4.1,211409.0,5499.0,goboult,70.0,1,0,0,0,0,0,1,0,1
223,4.1,576925.0,5499.0,goboult,50.0,1,0,1,0,0,0,0,0,1
224,4.1,9575.0,1999.0,triggr,50.0,0,0,0,0,0,0,0,0,0
225,4.0,12805.0,1000.0,rajibnew,25.0,0,0,0,1,0,0,0,0,0
226,4.0,18413.0,1999.0,triggr,40.0,0,0,1,0,0,0,0,0,0
227,4.0,4028.0,2499.0,truke,60.0,1,0,0,0,0,0,1,0,1
228,4.2,11726.0,3290.0,boat,50.0,0,0,0,0,0,0,0,0,0
229,4.1,142091.0,9990.0,boat,120.0,0,1,0,0,0,0,0,0,0
230,3.9,71583.0,2999.0,triggr,40.0,1,0,1,0,0,0,0,0,0
231,4.0,18413.0,1999.0,triggr,40.0,0,0,1,0,0,0,0,0,0
232,4.3,66064.0,2799.0,oneplus,50.0,0,1,0,0,0,0,0,0,0
233,4.0,12805.0,1999.0,earbuddy,50.0,0,0,0,0,0,0,0,0,0
234,4.1,4633.0,1999.0,philips,40.0,0,0,0,0,0,0,0,0,0
235,4.0,18291.0,4299.0,zebronics,60.0,1,0,0,0,0,0,0,0,0
236,4.1,2062.0,4499.0,truke,70.0,0,0,0,0,1,0,0,0,0
237,4.1,576925.0,5499.0,goboult,50.0,1,0,1,0,0,0,0,0,1
238,4.3,94041.0,3999.0,realme,40.0,0,1,0,0,0,0,0,0,0
239,3.9,150287.0,3990.0,boat,40.0,1,0,0,0,0,0,1,0,0
240,4.0,49106.0,3999.0,triggr,60.0,1,0,0,0,0,0,1,0,0
241,4.0,8013.0,4499.0,noise,60.0,1,0,0,0,0,1,0,0,4
242,3.6,3130.0,1999.0,myxes,50.0,0,0,0,0,0,0,0,0,0
243,4.1,4548.0,1999.0,portronics,24.0,0,0,0,0,0,0,0,0,1
244,4.5,3933.0,6499.0,oneplus,45.0,0,1,0,0,0,0,0,0,0
245,4.3,5027.0,3999.0,cmf,50.0,0,1,0,0,0,0,0,0,1
246,4.0,6919.0,2999.0,triggr,40.0,0,0,0,0,0,0,0,0,1
247,4.1,9575.0,1999.0,triggr,50.0,0,0,0,0,0,0,0,0,0
248,4.0,37564.0,2499.0,goboult,50.0,1,0,0,0,0,0,1,0,1
249,4.1,164300.0,5499.0,goboult,100.0,1,0,0,0,0,0,0,0,1
250,4.1,95501.0,2999.0,goboult,60.0,1,0,0,0,0,0,1,0,1
251,4.0,1658.0,3999.0,truke,70.0,1,0,0,0,1,0,0,0,1
252,4.2,469.0,5499.0,goboult,75.0,1,0,0,0,1,0,0,0,4
253,3.9,16989.0,4999.0,jbl,32.0,0,0,0,0,0,0,0,0,0
254,4.3,74907.0,2499.0,cmf,50.0,0,1,0,0,0,0,0,0,0
255,3.9,71583.0,2999.0,triggr,40.0,1,0,1,0,0,0,0,0,0
256,4.0,4334.0,3999.0,truke,50.0,0,0,1,0,0,0,0,0,4
257,4.0,9559.0,4999.0,hoppup,50.0,0,0,0,0,0,1,0,0,0
258,4.0,684761.0,3499.0,noise,50.0,1,0,0,0,0,0,0,0,4
259,4.0,20267.0,4999.0,redmi,36.0,0,1,0,0,0,0,0,0,1
260,4.1,19944.0,2899.0,ptron,34.0,0,0,0,0,0,0,0,0,1
261,4.1,265412.0,2499.0,goboult,40.0,1,0,0,0,0,1,1,0,1
262,4.1,68425.0,3999.0,hoppup,40.0,1,0,0,1,0,0,0,0,0
263,4.1,171292.0,2999.0,goboult,48.0,1,0,0,0,0,1,1,0,1
264,4.1,13472.0,4999.0,motorola,50.0,0,1,0,0,0,0,0,0,1
265,4.1,2201.0,1999.0,goboult,60.0,1,0,0,0,0,0,1,0,1
266,4.0,413.0,9990.0,boat,50.0,0,1,0,0,0,0,0,0,0
267,3.5,1072.0,2399.0,caidea,30.0,0,0,1,1,0,0,0,0,0
268,4.1,265412.0,2499.0,goboult,40.0,1,0,0,0,0,1,1,0,1
269,4.3,13481.0,2999.0,realme,38.0,1,0,1,0,0,0,0,0,0
270,4.0,18413.0,1999.0,triggr,40.0,0,0,1,0,0,0,0,0,0
271,4.1,188745.0,5990.0,boat,50.0,0,0,0,0,0,0,0,0,1
272,3.7,2403.0,6999.0,jbl,40.0,0,1,1,0,0,0,0,0,1
273,3.9,150287.0,3990.0,boat,40.0,1,0,0,0,0,0,1,0,0
274,4.1,205129.0,3499.0,goboult,48.0,1,0,0,0,0,0,0,0,4
275,4.2,442915.0,2999.0,realme,38.0,1,0,0,0,0,0,0,0,0
276,3.9,29900.0,2999.0,truke,48.0,1,0,0,0,0,1,0,0,1
277,4.1,145822.0,5999.0,goboult,60.0,1,0,1,0,0,0,0,0,1
278,4.1,211409.0,5499.0,goboult,70.0,1,0,0,0,0,0,1,0,1
279,4.0,684761.0,3499.0,noise,50.0,1,0,0,0,0,0,0,0,4
280,4.1,265412.0,3999.0,goboult,60.0,1,1,0,0,0,0,0,0,1
281,3.9,3654.0,3999.0,triggr,40.0,0,0,0,0,1,0,0,0,0
282,4.1,95501.0,2999.0,goboult,60.0,1,0,0,0,0,0,1,0,1
283,4.3,20578.0,3499.0,cmf,50.0,0,1,0,0,0,0,0,0,0
284,4.1,211409.0,5499.0,goboult,70.0,1,0,0,0,0,0,1,0,1
285,4.1,19944.0,2899.0,ptron,34.0,0,0,0,0,0,0,0,0,1
286,4.0,4334.0,3999.0,truke,50.0,0,0,1,0,0,0,0,0,4
287,3.9,17024.0,3999.0,triggr,60.0,1,0,0,0,1,0,0,0,4
288,4.1,8286.0,3999.0,mivi,60.0,1,0,1,0,0,0,0,0,0
289,4.1,205129.0,3499.0,goboult,48.0,1,0,0,0,0,0,0,0,4
290,4.0,4903.0,2799.0,truke,70.0,1,0,0,0,0,0,0,0,1
291,4.0,14466.0,1999.0,triggr,40.0,0,0,0,0,0,0,0,0,0
292,3.9,121429.0,2999.0,mivi,40.0,1,0,1,0,0,0,1,0,0
293,3.8,66493.0,3299.0,aroma,60.0,0,1,1,0,0,0,0,0,0
294,4.1,3045.0,4490.0,boat,50.0,0,0,0,0,0,0,0,0,0
295,4.1,12805.0,3999.0,mivi,60.0,1,0,1,0,0,0,0,0,0
296,4.0,43676.0,2999.0,truke,60.0,0,0,0,0,0,0,0,0,0
297,4.1,211409.0,5499.0,goboult,70.0,1,0,0,0,0,0,1,0,1
298,3.7,10657.0,1999.0,myxes,50.0,0,0,0,0,0,0,0,0,0
299,4.1,441.0,4999.0,triggr,50.0,1,0,0,0,0,0,1,0,1
300,4.0,119055.0,4990.0,boat,100.0,0,0,0,0,0,0,0,0,0
301,3.9,92009.0,2999.0,mivi,50.0,0,0,1,0,0,0,0,0,0
302,4.2,469.0,5499.0,goboult,75.0,1,0,0,0,1,0,0,0,4
303,4.1,276196.0,4999.0,goboult,60.0,1,0,0,0,0,0,1,0,1
304,4.1,4548.0,1999.0,portronics,24.0,0,0,0,0,0,1,0,0,1
305,3.9,150287.0,3990.0,boat,40.0,1,0,0,0,0,0,1,0,0
306,4.0,18413.0,1999.0,triggr,40.0,0,0,1,0,0,0,0,0,0
307,4.0,8013.0,4499.0,noise,60.0,1,0,0,0,0,0,0,0,4
308,4.0,49106.0,3999.0,triggr,60.0,1,0,0,0,0,0,1,0,0
309,3.9,724.0,2999.0,marq,30.0,1,0,1,1,0,0,0,0,2
310,4.0,12805.0,1499.0,drumstone,50.0,0,0,0,0,0,0,0,0,0
311,4.0,3341.0,3199.0,ptron,45.0,1,0,0,0,0,0,1,0,0
312,3.8,30391.0,3999.0,number,50.0,1,0,0,0,1,0,1,0,0
313,4.1,1176.0,4999.0,noise,70.0,0,1,0,0,0,0,0,0,0
314,4.1,265412.0,3499.0,goboult,40.0,1,0,0,0,0,1,1,0,1
315,4.3,7967.0,2999.0,cmf,55.0,0,1,0,0,0,0,0,0,0
316,3.9,6852.0,2299.0,truke,70.0,1,0,0,0,0,0,0,0,1
317,4.0,119055.0,4990.0,boat,100.0,0,0,0,0,0,0,0,0,0
318,4.1,95501.0,1999.0,goboult,50.0,1,0,0,0,0,0,1,0,1
319,4.1,145822.0,5999.0,goboult,60.0,1,0,1,0,0,0,0,0,1
320,4.0,413.0,9990.0,boat,50.0,0,1,0,0,0,0,0,0,0
321,4.1,11425.0,3499.0,mivi,60.0,0,0,1,0,0,0,0,0,0
322,4.1,95501.0,1999.0,goboult,50.0,1,0,0,0,0,0,1,0,1
323,4.4,5835.0,7999.0,realme,48.0,0,1,0,0,0,0,0,0,1
324,4.0,4028.0,2499.0,truke,60.0,1,0,0,0,0,0,1,0,1
325,4.0,1518858.0,2999.0,boat,50.0,0,0,1,0,0,0,0,0,1
326,3.9,71583.0,2999.0,triggr,40.0,1,0,1,0,0,0,0,0,0
327,4.0,32163.0,4999.0,number,50.0,1,0,0,0,0,1,1,1,1
328,3.9,121429.0,2999.0,mivi,40.0,1,0,1,0,0,0,1,0,0
329,4.0,684761.0,3499.0,noise,50.0,1,0,0,0,0,0,0,0,4
330,4.2,2193.0,5990.0,boat,50.0,0,0,0,0,0,0,0,0,1
331,3.9,3654.0,3999.0,triggr,40.0,0,0,0,0,1,0,0,0,0
332,4.1,137944.0,3499.0,noise,40.0,0,1,0,0,0,0,0,0,4
333,4.5,50374.0,6499.0,oneplus,50.0,0,1,0,0,0,0,0,0,0
334,4.1,23978.0,4999.0,goboult,70.0,1,0,0,0,1,0,0,0,4
335,4.5,32677.0,4999.0,realme,52.0,1,1,0,0,0,0,1,0,0
336,4.1,95501.0,2999.0,goboult,60.0,1,0,0,0,0,0,1,0,1
337,4.2,1460.0,3999.0,truke,70.0,1,0,0,0,0,0,0,0,1
338,4.1,10719.0,4999.0,hoppup,50.0,1,0,0,0,0,1,1,1,0
339,3.8,16823.0,4990.0,boat,50.0,0,0,0,0,0,0,0,0,0
340,4.1,9575.0,1999.0,triggr,50.0,0,0,0,0,0,0,0,0,0
341,4.1,46801.0,2999.0,mivi,45.0,1,0,1,0,0,0,0,0,0
342,4.0,684761.0,3499.0,noise,50.0,1,0,0,0,0,0,0,0,4
343,4.5,1630.0,17900.0,apple,50.0,0,1,0,0,0,0,0,0,0
344,4.0,1466.0,5598.0,soundcore,36.0,1,0,1,0,0,0,0,0,2
345,4.1,164300.0,5499.0,goboult,100.0,1,0,0,0,0,0,0,0,1
346,4.1,95501.0,1999.0,goboult,50.0,1,0,0,0,0,0,1,0,1
347,4.1,8286.0,3999.0,mivi,60.0,1,0,1,0,0,0,0,0,0
348,4.1,188745.0,5990.0,boat,50.0,0,0,0,0,0,0,0,0,1
349,4.2,2193.0,5990.0,boat,50.0,0,0,0,0,0,0,0,0,1
350,4.1,6884.0,2999.0,truke,70.0,1,0,0,0,0,0,0,0,4
351,4.1,68425.0,3999.0,hoppup,40.0,1,0,0,1,0,1,0,0,0
352,3.9,87281.0,3499.0,noise,50.0,1,0,0,0,0,0,0,0,4
353,4.3,20578.0,3499.0,cmf,50.0,0,1,0,0,0,0,0,0,0
354,4.1,142091.0,7990.0,boat,120.0,0,0,0,0,0,0,0,0,0
355,3.8,13734.0,3990.0,boat,45.0,0,0,0,0,0,0,0,0,0
356,4.1,24977.0,7490.0,boat,50.0,0,0,0,0,0,0,0,0,1
357,4.0,86730.0,3499.0,truke,30.0,1,0,0,0,0,0,0,0,4
358,4.0,6919.0,2999.0,triggr,40.0,0,0,0,0,0,0,0,0,1
359,4.0,33907.0,2999.0,truke,60.0,1,0,0,0,0,0,1,0,0
360,3.9,2977.0,6999.0,number,72.0,1,0,0,0,1,0,0,0,1
361,4.1,46801.0,2999.0,mivi,45.0,1,0,1,0,0,0,0,0,0
362,3.8,128273.0,3999.0,noise,70.0,0,1,0,0,0,1,0,0,4
363,4.3,489.0,5299.0,realme,58.0,0,1,0,0,0,0,0,0,0
364,4.1,12805.0,3999.0,mivi,60.0,1,0,1,0,0,0,0,0,0
365,4.1,13472.0,4999.0,motorola,50.0,0,1,0,0,0,0,0,0,1
366,3.9,7817.0,4499.0,mivi,70.0,1,0,0,0,0,0,0,0,0
367,3.9,71583.0,2999.0,triggr,40.0,1,0,1,0,0,0,0,0,0
368,4.2,442915.0,1999.0,realme,48.0,1,0,0,0,0,0,0,0,0
369,4.4,5835.0,7999.0,realme,48.0,0,1,0,0,0,0,0,0,1
370,4.1,19944.0,2899.0,ptron,34.0,0,0,0,0,0,0,0,0,1
371,4.1,211409.0,5499.0,goboult,70.0,1,0,0,0,0,0,1,0,1
372,3.8,66493.0,3299.0,aroma,60.0,0,1,1,0,0,0,0,0,0
373,3.8,66493.0,2999.0,aroma,60.0,0,0,1,0,0,0,0,0,0
374,4.1,142091.0,9990.0,boat,120.0,0,1,0,0,0,0,0,0,0
375,4.0,1518858.0,6999.0,boat,50.0,0,1,0,0,0,0,0,0,0
376,4.0,43676.0,2999.0,truke,60.0,0,0,0,0,0,0,0,0,0
377,4.0,4334.0,3999.0,truke,50.0,0,0,1,0,0,0,0,0,4
378,4.1,24977.0,6499.0,boat,50.0,0,0,0,0,0,0,0,0,1
379,3.9,121429.0,2999.0,mivi,40.0,1,0,1,0,0,0,1,0,0
380,4.2,1394.0,2799.0,truke,60.0,0,0,0,0,1,0,0,0,0
381,3.9,7817.0,4499.0,mivi,70.0,1,0,0,0,0,0,0,0,0
382,4.0,8013.0,4499.0,noise,60.0,1,0,0,0,0,1,0,0,4
383,4.1,13472.0,4999.0,motorola,50.0,0,1,0,0,0,0,0,0,1
384,3.7,2171.0,7499.0,jbl,40.0,0,1,1,0,0,0,0,0,1
385,3.7,17411.0,3499.0,caidea,75.0,0,1,1,0,0,0,0,0,0
386,4.2,469.0,5499.0,goboult,75.0,1,0,0,0,1,0,0,0,4
387,4.1,171292.0,2999.0,goboult,48.0,1,0,0,0,0,1,1,0,1
388,3.8,30391.0,3999.0,number,50.0,1,0,0,0,1,0,1,0,0
389,4.1,24977.0,6490.0,boat,50.0,0,0,0,0,0,0,0,0,1
390,4.0,89298.0,3499.0,truke,60.0,1,0,0,0,1,0,0,0,1
391,4.0,32163.0,4999.0,number,50.0,1,0,0,0,0,1,1,1,1
392,3.4,30349.0,2699.0,bullstorm,50.0,0,0,0,0,0,1,0,0,0
393,3.8,66493.0,2999.0,aroma,70.0,0,1,1,0,0,0,0,0,0
394,4.4,1871.0,3499.0,truke,60.0,0,0,1,0,0,0,0,0,0
395,4.0,1087.0,4499.0,zebronics,40.0,1,0,0,0,0,1,1,0,4
396,3.9,2977.0,6999.0,number,72.0,1,0,0,0,1,0,0,0,1
397,3.8,66493.0,2999.0,aroma,60.0,0,0,1,0,0,0,0,0,0
398,4.0,1518858.0,6999.0,boat,50.0,0,1,0,0,0,0,0,0,0
399,4.1,4264.0,9999.0,nothing,50.0,0,0,0,0,0,0,0,0,0
400,4.1,82474.0,5999.0,goboult,60.0,1,0,0,0,0,0,0,0,1
401,4.1,6884.0,2999.0,truke,70.0,1,0,0,0,0,0,0,0,4
402,4.0,1087.0,4499.0,zebronics,40.0,1,0,0,0,0,1,1,0,4
403,4.0,684761.0,3499.0,noise,50.0,1,0,0,0,0,0,0,0,4
404,4.0,887.0,3499.0,noise,35.0,1,0,0,0,0,0,1,0,4
405,4.0,684761.0,2999.0,noise,50.0,0,0,0,0,0,0,0,0,0
406,3.9,71583.0,2999.0,triggr,40.0,1,0,1,0,0,0,0,0,0
407,4.0,9603.0,2999.0,truke,70.0,1,0,0,0,0,0,0,0,1
408,4.0,887.0,3499.0,noise,35.0,1,0,0,0,0,0,1,0,4
409,4.1,82474.0,5999.0,goboult,100.0,1,0,0,0,1,0,0,0,1
410,4.0,6919.0,2999.0,triggr,40.0,0,0,0,0,0,0,0,0,1
411,3.9,81371.0,2999.0,truke,48.0,1,0,0,0,0,1,0,0,4
412,4.0,3341.0,3199.0,ptron,45.0,1,0,0,0,0,0,1,0,0
413,4.0,4028.0,2499.0,truke,60.0,1,0,0,0,0,0,1,0,1
414,4.2,2654.0,2998.0,soundcore,30.0,0,0,0,0,0,0,0,0,1
415,4.0,2047075.0,2990.0,boat,70.0,0,0,0,0,0,0,0,0,0
416,4.0,33907.0,2999.0,truke,60.0,1,0,0,0,0,0,1,0,0
417,3.9,71583.0,2999.0,triggr,40.0,1,0,1,0,0,0,0,0,0
418,3.9,24800.0,2499.0,goboult,55.0,1,0,0,0,0,0,1,0,1
419,4.0,43676.0,2999.0,truke,60.0,0,0,0,0,0,0,0,0,0
420,4.0,9603.0,2999.0,truke,70.0,1,0,0,0,0,0,0,0,1
421,4.1,10192.0,4999.0,hoppup,50.0,1,0,0,0,0,1,1,0,0
422,4.1,68425.0,3999.0,hoppup,40.0,1,0,0,1,0,0,0,0,0
423,4.0,49106.0,3999.0,triggr,60.0,1,0,0,0,0,0,1,0,0
424,4.1,20406.0,3499.0,noise,40.0,1,0,0,0,0,0,0,0,4
425,4.1,43623.0,2499.0,noise,45.0,1,1,0,0,0,0,1,0,0
426,3.7,481.0,2999.0,bullstorm,50.0,0,0,0,0,0,1,0,0,0
427,4.1,2201.0,1999.0,goboult,60.0,1,0,0,0,0,0,1,0,1
428,4.2,2193.0,5990.0,boat,50.0,0,0,0,0,0,0,0,0,1
429,4.0,4903.0,2799.0,truke,70.0,1,0,0,0,0,0,0,0,1
430,3.9,47948.0,3999.0,mivi,50.0,1,0,1,0,0,1,1,0,0
431,3.9,7817.0,4499.0,mivi,70.0,1,0,0,0,0,0,0,0,0
432,4.2,4442.0,14990.0,boat,80.0,0,1,0,0,0,0,0,0,0
433,4.2,2193.0,5990.0,boat,50.0,0,0,0,0,0,0,0,0,1
434,3.5,108298.0,1299.0,aroma,40.0,0,0,1,1,1,0,0,0,0
435,4.1,441.0,4999.0,triggr,50.0,1,0,0,0,0,0,1,0,1
436,4.0,8013.0,4499.0,noise,60.0,1,0,0,0,0,0,0,0,4
437,3.8,30391.0,3999.0,number,50.0,1,0,0,0,1,0,1,0,0
438,4.1,2201.0,1999.0,goboult,60.0,1,0,0,0,0,0,1,0,1
439,3.9,12665.0,4990.0,boat,75.0,0,0,0,0,0,0,0,0,1
440,4.0,14466.0,1999.0,triggr,40.0,0,0,0,0,0,0,0,0,0
441,4.2,1460.0,3999.0,truke,70.0,1,0,0,0,0,0,0,0,1
442,3.6,9522.0,949.0,spellcell,50.0,0,0,0,0,0,0,0,0,0
443,4.0,413.0,9990.0,boat,50.0,0,1,0,0,0,0,0,0,0
444,4.0,14466.0,1999.0,triggr,40.0,0,0,0,0,0,0,0,0,0
445,4.0,18413.0,1999.0,triggr,40.0,0,0,1,0,0,0,0,0,0
446,4.0,4028.0,2499.0,truke,60.0,1,0,0,0,0,0,1,0,1
447,3.9,121429.0,2999.0,mivi,40.0,1,0,1,0,0,0,1,0,0
448,4.0,18413.0,1999.0,triggr,40.0,0,0,1,0,0,0,0,0,0
449,3.9,81371.0,2999.0,truke,48.0,1,0,0,0,0,1,0,0,4
450,4.0,9559.0,4999.0,hoppup,50.0,1,0,0,0,0,1,1,0,0
451,4.3,91.0,1999.0,kratos,50.0,0,0,0,0,0,0,0,0,0
452,3.8,13272.0,3499.0,goboult,80.0,1,0,0,0,1,1,0,0,1
453,4.1,1050.0,11999.0,jbl,48.0,0,1,0,0,0,0,0,0,1
454,4.1,1176.0,4999.0,noise,70.0,0,1,0,0,0,0,0,0,0
455,4.0,10266.0,1999.0,portronics,20.0,0,0,0,0,0,0,0,0,0
456,4.2,1394.0,2799.0,truke,60.0,0,0,0,0,1,0,0,0,0
457,4.0,4116.0,5999.0,number,100.0,1,0,1,0,1,0,0,0,1
458,3.8,1107.0,1999.0,youth,50.0,0,1,0,0,0,0,0,0,0
459,4.1,5870.0,8990.0,sony,50.0,0,0,0,0,0,0,0,0,0
460,3.9,2977.0,6999.0,number,72.0,1,0,0,0,1,0,0,0,1
461,4.1,23978.0,4999.0,goboult,70.0,1,0,0,0,1,0,0,0,4
462,3.6,4550.0,1974.0,gwalbros,50.0,0,0,0,0,0,0,0,0,0
463,4.3,489.0,5299.0,realme,58.0,0,1,0,0,0,0,0,0,0
464,4.0,18413.0,1999.0,triggr,40.0,0,0,1,0,0,0,0,0,0
465,3.9,16989.0,4999.0,jbl,32.0,0,0,0,0,0,0,0,0,0
466,3.9,2977.0,6999.0,number,72.0,1,0,0,0,1,0,0,0,1
467,3.7,167.0,2999.0,bullstorm,50.0,0,0,0,0,0,1,0,0,0
468,3.9,6852.0,2299.0,truke,70.0,1,0,0,0,0,0,0,0,1
469,3.9,18799.0,3499.0,noise,50.0,1,0,0,0,0,0,0,0,4
470,4.1,24130.0,4990.0,boat,50.0,0,0,0,0,0,0,0,0,1
471,4.1,34129.0,4999.0,hoppup,50.0,0,0,0,0,0,1,0,0,0
472,4.0,6919.0,2999.0,triggr,40.0,0,0,0,0,0,0,0,0,1
473,3.6,11839.0,1799.0,techio,50.0,0,1,0,0,0,0,0,0,0
474,4.3,101953.0,3299.0,oneplus,50.0,0,1,0,0,0,0,0,0,0
475,4.2,4442.0,14990.0,boat,80.0,0,1,0,0,0,0,0,0,0
476,3.8,66493.0,2299.0,aroma,60.0,0,0,1,0,1,0,0,0,0
477,3.9,541.0,3199.0,ptron,50.0,1,0,0,0,0,0,0,0,0
478,4.4,14422.0,7999.0,realme,40.0,0,1,0,0,0,0,0,0,0
479,3.8,317.0,1599.0,allons,50.0,0,0,0,0,0,0,0,0,0
480,4.0,4903.0,2799.0,truke,70.0,1,0,0,0,0,0,0,0,1
481,4.1,12805.0,3999.0,mivi,60.0,1,0,1,0,0,0,0,0,0
482,3.8,128273.0,3999.0,noise,70.0,0,1,0,0,0,0,0,0,4
483,4.5,50374.0,6499.0,oneplus,50.0,0,1,0,0,0,1,0,0,0
484,4.0,9559.0,4999.0,hoppup,50.0,1,0,0,0,0,1,1,0,0
485,4.0,56.0,4999.0,mivi,60.0,1,0,0,0,0,0,0,0,0
486,4.0,9559.0,4999.0,hoppup,50.0,1,0,0,0,0,1,1,0,0
487,4.2,1914.0,3999.0,truke,70.0,1,0,0,0,0,0,0,0,1
488,3.9,724.0,2999.0,marq,30.0,1,0,1,1,0,0,0,0,2
489,4.0,49106.0,3999.0,triggr,60.0,1,0,0,0,0,0,1,0,0
490,4.0,89298.0,3499.0,truke,60.0,1,0,0,0,1,0,0,0,1
491,4.1,2201.0,1999.0,goboult,60.0,1,0,0,0,0,0,1,0,1
492,4.0,1466.0,5598.0,soundcore,36.0,1,0,1,0,0,0,0,0,2
493,4.0,2047075.0,2990.0,boat,70.0,0,0,0,0,0,0,0,0,0
494,4.0,1470.0,4999.0,noise,60.0,0,1,0,0,0,0,0,0,0
495,4.1,43623.0,2499.0,noise,45.0,1,1,0,0,0,0,1,0,0
496,4.4,1871.0,3499.0,truke,60.0,0,0,1,0,0,0,0,0,0
497,4.1,23978.0,4999.0,goboult,70.0,1,0,0,0,1,0,0,0,4
498,4.1,82474.0,5999.0,goboult,60.0,1,0,0,0,0,0,0,0,1
499,3.7,17411.0,3499.0,caidea,60.0,0,1,1,0,0,0,0,0,0
500,4.1,142091.0,9990.0,boat,120.0,0,1,0,0,0,0,0,0,0
501,3.9,2230.0,2999.0,goboult,48.0,1,0,0,0,0,0,1,0,1
502,4.2,2654.0,2998.0,soundcore,30.0,0,0,0,0,0,0,0,0,1
503,4.0,4334.0,3999.0,truke,50.0,0,0,1,0,0,0,0,0,4
504,3.8,890.0,1999.0,gwalbros,48.0,0,0,0,0,0,0,0,0,0
505,4.1,142091.0,8999.0,boat,120.0,0,1,0,0,0,0,0,0,0
506,3.8,66493.0,2999.0,aroma,60.0,0,0,1,0,0,0,0,0,0
507,3.8,66493.0,2299.0,aroma,60.0,0,0,1,0,1,0,0,0,0
508,3.9,53908.0,3499.0,mivi,55.0,0,0,1,0,0,0,0,0,0
509,3.7,1396.0,1999.0,techbros,48.0,0,0,0,0,0,0,0,0,0
510,4.0,116.0,3990.0,boat,50.0,0,0,0,0,0,0,0,0,0
511,4.0,12805.0,1999.0,niklakk,50.0,0,0,0,0,0,0,0,0,0
512,4.1,6884.0,2999.0,truke,70.0,1,0,0,0,0,0,0,0,4
513,4.0,9603.0,2999.0,truke,70.0,1,0,0,0,0,0,0,0,1
514,4.0,2047075.0,2999.0,boat,60.0,0,0,0,0,0,0,0,0,0
515,3.9,1928.0,2299.0,ptron,50.0,1,0,0,0,0,1,0,0,0
516,3.8,66493.0,2999.0,aroma,60.0,0,0,1,0,0,0,0,0,0
517,3.9,6852.0,2299.0,truke,70.0,1,0,0,0,0,0,0,0,1
518,3.8,13734.0,3990.0,boat,45.0,0,0,0,0,0,0,0,0,0
519,4.7,509.0,3499.0,apple,50.0,0,0,0,0,0,0,0,0,0
520,3.9,2977.0,6999.0,number,72.0,1,0,0,0,1,0,0,0,1
521,4.0,3341.0,3199.0,ptron,45.0,1,0,0,0,0,0,1,0,0
522,4.1,188745.0,5990.0,boat,50.0,0,0,0,0,0,0,0,0,1
523,4.1,1176.0,4999.0,noise,70.0,0,1,0,0,0,0,0,0,0
524,4.1,5870.0,8990.0,sony,50.0,0,0,0,0,0,0,0,0,0
525,4.0,9559.0,4999.0,hoppup,50.0,0,0,0,0,0,1,0,0,0
526,3.9,121429.0,2999.0,mivi,40.0,1,0,1,0,0,0,1,0,0
527,4.1,441.0,4999.0,triggr,50.0,1,0,0,0,0,0,1,0,1
528,4.0,2291.0,7999.0,boat,100.0,0,1,0,0,1,0,0,0,0
529,4.1,43623.0,2499.0,noise,45.0,1,1,0,0,0,0,1,0,0
530,3.9,63.0,4999.0,hoppup,50.0,1,0,0,0,0,0,1,1,0
531,3.9,47948.0,3999.0,mivi,50.0,1,0,1,0,0,0,1,0,0
532,3.8,113850.0,5999.0,boat,50.0,0,1,0,0,0,0,0,0,0
533,4.2,123440.0,13990.0,boat,120.0,0,1,0,0,0,0,0,0,0
534,4.0,20267.0,4999.0,redmi,36.0,0,1,0,0,0,0,0,0,1
535,4.1,23978.0,4999.0,goboult,70.0,1,0,0,0,1,0,0,0,4
536,4.0,4116.0,5999.0,number,100.0,1,0,1,0,1,0,0,0,1
537,4.2,26.0,5990.0,berth,60.0,1,1,0,0,0,0,1,0,0
538,4.1,9575.0,1999.0,triggr,50.0,0,0,0,0,0,0,0,0,0
539,4.0,116.0,3990.0,boat,50.0,0,0,0,0,0,0,0,0,0
540,4.1,68425.0,3999.0,hoppup,40.0,1,0,0,1,0,0,0,0,0
541,4.1,265412.0,3999.0,goboult,60.0,1,1,0,0,0,0,0,0,1
542,4.1,4108.0,3990.0,boat,75.0,0,0,0,0,0,0,0,0,0
543,3.9,71583.0,2999.0,triggr,40.0,1,0,1,0,0,0,0,0,0
544,4.3,94041.0,2999.0,realme,200.0,0,1,0,0,0,0,0,0,4
545,3.7,66080.0,6990.0,boat,60.0,0,1,0,0,0,0,0,0,0
546,3.4,4156.0,2899.0,caidea,40.0,1,0,1,0,1,0,0,0,0
547,3.9,121429.0,2999.0,mivi,40.0,1,0,1,0,0,0,1,0,0
548,3.7,17411.0,3499.0,caidea,75.0,0,1,1,0,0,0,0,0,0
549,4.0,3848.0,6490.0,boat,50.0,0,0,0,0,0,0,0,0,1
550,3.8,38093.0,2999.0,aroma,50.0,1,0,1,0,0,1,1,1,0
551,3.7,345.0,2999.0,onyze,50.0,1,0,1,0,0,1,0,0,1
552,4.0,119055.0,4990.0,boat,100.0,0,0,0,0,0,0,0,0,0
553,4.1,46801.0,2999.0,mivi,45.0,1,0,1,0,0,0,0,0,0
554,4.1,43623.0,2499.0,noise,45.0,1,1,0,0,0,0,1,0,0
555,4.0,4334.0,3999.0,truke,50.0,0,0,1,0,0,0,0,0,4
556,4.0,12805.0,1899.0,licheen,30.0,1,0,0,0,0,0,1,0,1
557,4.1,12805.0,3999.0,mivi,60.0,1,0,1,0,0,0,0,0,0
558,3.7,1587.0,19999.0,mivi,50.0,0,0,0,0,0,0,0,0,0
559,4.1,652.0,3499.0,noise,44.0,1,1,0,0,0,0,0,0,1
560,4.0,89298.0,3499.0,truke,60.0,1,0,0,0,1,0,0,0,1
561,3.9,47948.0,3999.0,mivi,50.0,1,0,1,0,0,0,1,0,0
562,3.7,21351.0,1999.0,aroma,40.0,0,0,1,0,0,0,0,0,0
563,4.2,1113.0,5598.0,soundcore,45.0,0,1,1,0,0,0,0,0,1
564,4.3,2668.0,14999.0,nothing,50.0,0,0,0,0,0,0,0,0,0
565,4.4,2361.0,13999.0,oneplus,50.0,0,0,0,0,0,0,0,0,0
566,4.0,12805.0,2999.0,berth,45.0,0,0,0,0,0,0,0,0,0
567,3.7,319.0,4999.0,hoppup,50.0,1,0,0,0,0,0,1,0,0
568,4.1,652.0,3499.0,noise,44.0,1,1,0,0,0,0,0,0,1
569,4.1,9575.0,1999.0,triggr,50.0,0,0,0,0,0,0,0,0,0
570,3.9,92009.0,2999.0,mivi,50.0,0,0,1,0,0,0,0,0,0
571,4.1,11425.0,3499.0,mivi,60.0,0,0,1,0,0,0,0,0,0
572,4.0,33907.0,2999.0,truke,60.0,1,0,0,0,0,0,1,0,0
573,3.9,7817.0,4499.0,mivi,70.0,1,0,0,0,0,0,0,0,0
574,3.9,7817.0,4499.0,mivi,70.0,1,0,0,0,0,0,0,0,0
575,3.9,87281.0,3499.0,noise,50.0,1,0,0,0,0,0,0,0,4
576,3.9,260.0,4999.0,hoppup,40.0,1,0,0,0,0,0,1,0,0
577,4.0,12805.0,999.0,tocsin,50.0,0,1,0,0,0,1,0,0,0
578,4.1,82474.0,5999.0,goboult,100.0,1,0,0,0,1,0,0,0,1
579,4.0,6339.0,1999.0,portronics,24.0,0,0,0,0,0,0,0,0,1
580,3.5,1072.0,2499.0,caidea,60.0,0,0,1,0,1,0,0,0,0
581,4.2,9.0,1800.0,tp,50.0,0,0,0,0,0,0,0,0,1
582,3.8,5925.0,3499.0,highnotes,120.0,1,0,0,0,0,0,0,0,4
583,4.0,18413.0,1999.0,triggr,40.0,0,0,1,0,0,0,0,0,0
584,4.2,13210.0,2499.0,vivo,42.0,0,1,0,0,0,0,0,0,0
585,4.0,1470.0,4999.0,noise,60.0,0,1,0,0,0,0,0,0,0
586,4.0,964.0,4999.0,hoppup,50.0,1,0,0,0,0,1,1,0,0
587,3.9,53908.0,3499.0,mivi,55.0,0,0,1,0,0,0,0,0,0
588,4.3,7967.0,2999.0,cmf,55.0,0,1,0,0,0,0,0,0,0
589,3.9,92009.0,2999.0,mivi,50.0,0,0,1,0,0,0,0,0,0
590,4.1,11425.0,3499.0,mivi,60.0,0,0,1,0,0,0,0,0,0
591,3.7,17411.0,2999.0,caidea,60.0,0,1,1,0,0,0,0,0,0
592,3.8,70165.0,4999.0,noise,70.0,1,1,0,0,0,0,0,0,4
593,4.1,12805.0,3999.0,mivi,60.0,1,0,1,0,0,0,0,0,0
594,4.0,49106.0,3999.0,triggr,60.0,1,0,0,0,0,0,1,0,0
595,3.5,1072.0,2399.0,caidea,30.0,0,0,1,1,0,0,0,0,0
596,4.1,34129.0,4999.0,hoppup,50.0,0,0,0,0,0,1,0,0,0
597,3.8,66493.0,2999.0,aroma,60.0,0,0,1,0,0,0,0,0,0
598,3.7,2403.0,6999.0,jbl,40.0,0,1,1,0,0,0,0,0,1
599,4.0,1518858.0,2490.0,boat,40.0,0,0,0,0,0,0,0,0,0
600,4.2,66.0,5999.0,number,70.0,1,0,0,0,1,0,0,0,1
601,4.0,12805.0,3499.0,berth,50.0,0,0,0,0,1,0,0,0,0
602,3.9,7817.0,4499.0,mivi,70.0,1,0,0,0,0,0,0,0,0
603,4.0,3341.0,3199.0,ptron,45.0,1,0,0,0,0,0,1,0,0
604,4.2,1460.0,3999.0,truke,70.0,1,0,0,0,0,0,0,0,1
605,4.0,18291.0,4299.0,zebronics,60.0,1,0,0,0,0,1,0,0,0
606,4.0,964.0,4999.0,hoppup,50.0,1,0,0,0,0,1,1,0,0
607,4.1,211409.0,5499.0,goboult,70.0,1,0,0,0,0,0,1,0,1
608,3.9,60.0,4990.0,boat,50.0,0,0,0,0,0,0,0,0,0
609,3.7,2403.0,6999.0,jbl,40.0,0,1,1,0,0,0,0,0,1
610,3.8,2930.0,6999.0,truke,60.0,1,0,0,0,0,0,0,0,1
611,4.0,12805.0,3999.0,uddo,50.0,0,0,0,0,0,0,0,0,4
612,4.5,946.0,24999.0,samsung,50.0,0,0,0,0,0,0,0,0,0
613,4.3,94041.0,2999.0,realme,200.0,0,1,0,0,0,0,0,0,4
614,4.1,34129.0,4999.0,hoppup,50.0,0,0,0,0,0,1,0,0,0
615,3.5,1072.0,2399.0,caidea,30.0,0,0,1,1,0,0,0,0,0
616,3.8,2504.0,999.0,signatize,50.0,0,0,0,0,0,0,0,0,0
617,3.7,381.0,999.0,tp,20.0,0,0,0,0,0,0,0,0,0
618,3.6,14742.0,1699.0,nexx,50.0,0,0,0,0,0,0,0,0,0
619,3.9,2230.0,2999.0,goboult,48.0,1,0,0,0,0,0,1,0,1
620,3.8,30391.0,3999.0,number,50.0,1,0,0,0,1,0,1,0,0
621,4.0,12805.0,2999.0,berth,45.0,0,0,0,0,0,0,0,0,0
622,4.5,32677.0,4999.0,realme,52.0,1,1,0,0,0,0,1,0,0
623,4.1,2062.0,4499.0,truke,70.0,0,0,0,0,1,0,0,0,0
624,3.8,70165.0,4999.0,noise,70.0,1,1,0,0,0,1,0,0,4
625,3.8,66493.0,2299.0,aroma,60.0,0,0,1,0,1,0,0,0,0
626,4.2,66.0,5999.0,number,70.0,1,0,0,0,1,0,0,0,1
627,3.7,17411.0,2999.0,caidea,50.0,1,0,1,0,1,0,0,0,0
628,4.1,11425.0,3499.0,mivi,60.0,0,0,1,0,0,0,0,0,0
629,4.0,423.0,3990.0,boat,50.0,0,0,0,0,0,0,0,0,0
630,3.8,30391.0,3999.0,number,50.0,1,0,0,0,1,0,1,0,0
631,4.1,12805.0,3999.0,mivi,60.0,1,0,1,0,0,0,0,0,0
632,4.1,188745.0,6490.0,boat,50.0,0,0,0,0,0,0,0,0,1
633,3.6,10505.0,1199.0,hectic,50.0,0,0,0,0,0,0,0,0,0
634,3.7,1190.0,1599.0,earbuddy,50.0,0,1,0,0,0,0,0,0,0
635,4.1,23978.0,4999.0,goboult,70.0,1,0,0,0,1,0,0,0,4
636,4.0,12805.0,1999.0,niklakk,50.0,0,0,0,0,0,0,0,0,0
637,3.7,56.0,6999.0,boston,32.0,0,1,0,1,0,0,0,0,0
638,3.6,13042.0,2949.0,clubics,50.0,0,0,0,0,0,0,0,0,0
639,4.3,13065.0,12999.0,nothing,50.0,0,1,0,0,0,0,0,0,0
640,4.0,2254.0,5999.0,hoppup,50.0,0,0,0,0,0,1,0,0,0
641,4.1,34129.0,4999.0,hoppup,50.0,1,0,0,0,0,1,1,0,0
642,3.7,4580.0,1385.0,jeevan,50.0,1,0,0,0,0,0,0,0,0
643,4.1,23978.0,2999.0,goboult,48.0,1,0,0,0,0,1,1,0,1
644,4.1,5870.0,8990.0,sony,50.0,0,0,0,0,0,0,0,0,0
645,4.0,4116.0,5999.0,number,100.0,1,0,1,0,1,0,0,0,1
646,3.9,353.0,5999.0,edyell,48.0,0,0,0,0,0,0,0,0,0
647,3.6,8.0,2949.0,clubics,50.0,0,0,0,0,0,0,0,0,1
648,4.0,6420.0,3999.0,noise,50.0,1,0,0,0,0,0,1,0,4
649,3.7,213.0,9999.0,skullcandy,48.0,0,0,0,0,0,0,0,0,0
650,4.1,8286.0,3999.0,mivi,60.0,1,0,1,0,0,0,0,0,0
651,4.0,964.0,4999.0,hoppup,50.0,1,0,0,0,0,1,1,0,0
652,4.1,1718.0,4490.0,boat,50.0,0,0,0,0,0,0,0,0,0
653,4.0,10266.0,1999.0,portronics,20.0,0,0,0,0,0,0,0,0,0
654,4.1,24977.0,7490.0,boat,50.0,0,0,0,0,0,0,0,0,1
655,4.3,414608.0,3999.0,oppo,50.0,1,1,0,0,0,0,0,0,0
656,3.7,319.0,4999.0,hoppup,50.0,1,0,0,0,0,0,1,0,0
657,4.1,142091.0,7990.0,boat,120.0,0,0,0,0,0,0,0,0,0
658,4.3,74907.0,2999.0,cmf,50.0,0,1,0,0,0,0,0,0,0
659,3.7,1261.0,1400.0,ns,50.0,0,0,0,0,0,0,0,0,1
660,3.9,165.0,1999.0,signatize,35.0,1,0,1,1,0,0,1,0,0
661,3.7,17411.0,3499.0,caidea,60.0,0,1,1,0,0,0,0,0,0
662,4.1,68425.0,3999.0,hoppup,40.0,1,0,0,1,0,0,0,0,0
663,4.0,887.0,3499.0,noise,35.0,1,0,0,0,0,0,1,0,4
664,4.2,1113.0,5598.0,soundcore,45.0,0,1,1,0,0,0,0,0,1
665,4.0,423.0,3990.0,boat,50.0,0,0,0,0,0,0,0,0,0
666,4.1,3045.0,4490.0,boat,50.0,0,0,0,0,0,0,0,0,0
667,3.3,68.0,2999.0,bullstorm,50.0,0,0,0,0,0,1,0,0,0
668,4.1,4108.0,3990.0,boat,75.0,0,0,0,0,0,0,0,0,0
669,4.1,24977.0,6490.0,boat,50.0,0,0,0,0,0,0,0,0,1
670,3.9,260.0,4999.0,hoppup,40.0,1,0,0,0,0,0,1,0,0
671,3.9,92009.0,2999.0,mivi,50.0,0,0,1,0,0,0,0,0,0
672,3.8,66493.0,2299.0,aroma,60.0,0,0,1,0,1,0,0,0,0
673,4.0,4334.0,3999.0,truke,50.0,0,0,1,0,0,0,0,0,4
674,4.1,24977.0,7490.0,boat,800.0,0,0,1,0,0,0,0,0,1
675,3.9,18799.0,3499.0,noise,50.0,1,0,0,0,0,0,0,0,4
676,3.4,4156.0,2899.0,caidea,40.0,1,0,1,0,1,0,0,0,0
677,4.0,4116.0,5999.0,number,100.0,1,0,1,0,1,0,0,0,1
678,3.8,66493.0,2999.0,aroma,70.0,0,1,1,0,0,0,0,0,0
679,3.9,17045.0,3999.0,triggr,60.0,1,0,0,0,1,0,0,0,4
680,4.0,2291.0,7999.0,boat,100.0,0,1,0,0,1,0,0,0,0
681,4.1,3045.0,4490.0,boat,50.0,0,0,0,0,0,0,0,0,0
682,3.9,47948.0,3999.0,mivi,50.0,1,0,1,0,0,0,1,0,0
683,3.6,5523.0,1399.0,seashot,50.0,0,0,0,0,0,0,0,0,0
684,4.0,21500.0,4999.0,cmf,39.0,0,1,0,0,0,0,0,0,0
685,4.5,4398.0,19900.0,google,50.0,0,1,0,0,0,0,0,0,0
686,4.0,1257.0,4999.0,hoppup,50.0,1,0,0,0,0,0,1,0,1
687,3.9,92009.0,2999.0,mivi,50.0,0,0,1,0,0,0,0,0,0
688,4.1,10192.0,4999.0,hoppup,50.0,1,0,0,0,0,1,1,0,0
689,4.3,20578.0,3499.0,cmf,50.0,0,1,0,0,0,0,0,0,0
690,3.8,38093.0,2899.0,aroma,60.0,0,1,1,0,0,0,0,0,0
691,3.9,53908.0,3499.0,mivi,55.0,0,0,1,0,0,0,0,0,0
692,4.0,1466.0,5598.0,soundcore,36.0,1,0,1,0,0,0,0,0,2
693,4.4,22861.0,7999.0,realme,40.0,0,1,0,0,0,0,0,0,0
694,4.2,123440.0,13990.0,boat,120.0,0,1,0,0,0,0,0,0,0
695,4.0,4116.0,5999.0,number,100.0,1,0,1,0,1,0,0,0,1
696,3.8,66493.0,2999.0,aroma,60.0,0,0,1,0,0,0,0,0,0
697,3.8,2504.0,999.0,signatize,50.0,0,0,0,0,0,0,0,0,0
698,4.1,6884.0,2999.0,truke,70.0,1,0,0,0,0,0,0,0,4
699,3.9,405.0,4999.0,oraimo,20.0,1,1,0,0,0,1,0,0,1
700,3.7,481.0,2999.0,bullstorm,50.0,0,0,0,0,0,1,0,0,0
701,4.1,94.0,1999.0,tp,45.0,0,0,0,0,0,0,0,0,1
702,4.1,1097.0,10990.0,boat,50.0,0,0,0,0,0,0,0,0,1
703,3.8,128273.0,3999.0,noise,70.0,0,1,0,0,0,0,0,0,4
704,3.8,66493.0,2999.0,aroma,60.0,0,0,1,0,0,0,0,0,0
705,3.7,1473.0,3999.0,philips,55.0,1,1,0,0,0,0,0,0,0
706,3.8,38093.0,2899.0,aroma,60.0,0,1,1,0,0,0,0,0,0
707,4.1,8286.0,3999.0,mivi,60.0,1,0,1,0,0,0,0,0,0
708,4.0,2291.0,8499.0,boat,100.0,0,1,0,0,1,0,0,0,0
709,4.0,23820.0,5490.0,boat,40.0,0,0,0,0,0,0,0,0,1
710,4.0,4116.0,5999.0,number,100.0,1,0,1,0,1,0,0,0,1
711,4.0,691.0,8999.0,boat,50.0,0,0,0,0,0,0,0,0,0
712,4.0,413.0,9990.0,boat,50.0,0,1,0,0,0,0,0,0,0
713,4.1,1718.0,4490.0,boat,50.0,0,0,0,0,0,0,0,0,0
714,3.7,17411.0,2999.0,caidea,50.0,1,0,1,0,1,0,0,0,0
715,3.8,128273.0,3999.0,noise,70.0,0,1,0,0,0,0,0,0,4
716,3.6,56.0,999.0,signatize,55.0,0,0,0,0,0,0,0,0,0
717,3.9,2531.0,999.0,signatize,35.0,0,0,0,0,0,0,0,0,1
718,3.7,1473.0,3999.0,philips,55.0,1,1,0,0,0,0,0,0,0
719,3.9,71583.0,2999.0,triggr,40.0,1,0,1,0,0,0,0,0,0
720,4.0,12805.0,1599.0,duropods,50.0,0,0,1,0,0,0,0,0,0
721,3.5,1072.0,2499.0,caidea,60.0,0,0,1,0,1,0,0,0,0
722,4.1,652.0,3499.0,noise,44.0,1,1,0,0,0,0,0,0,1
723,4.0,49106.0,3999.0,triggr,60.0,1,0,0,0,0,0,1,0,0
724,4.3,414608.0,3999.0,oppo,28.0,1,1,0,0,0,0,0,0,0
725,4.0,423.0,3990.0,boat,50.0,0,0,0,0,0,0,0,0,0
726,3.8,66493.0,2999.0,aroma,70.0,0,1,1,0,0,0,0,0,0
727,3.4,4156.0,2899.0,caidea,40.0,1,0,1,0,1,0,0,0,0
728,4.1,2062.0,4499.0,truke,70.0,0,0,0,0,1,0,0,0,0
729,4.0,23820.0,5490.0,boat,40.0,0,0,0,0,0,0,0,0,1
730,3.7,17411.0,2999.0,caidea,50.0,1,0,1,0,1,0,0,0,0
731,3.8,52363.0,2999.0,aroma,60.0,0,0,1,1,1,0,0,0,0
732,4.1,188745.0,6490.0,boat,50.0,0,0,0,0,0,0,0,0,1
733,4.0,20267.0,4999.0,redmi,36.0,0,1,0,0,0,0,0,0,1
734,4.0,6919.0,2999.0,triggr,40.0,0,0,0,0,0,0,0,0,1
735,3.7,17411.0,2999.0,caidea,60.0,0,1,1,0,0,0,0,0,0
736,4.8,6.0,1999.0,tp,50.0,0,0,0,0,0,0,0,0,1
737,3.7,17411.0,2999.0,caidea,50.0,1,0,1,0,1,0,0,0,0
738,4.0,20267.0,2999.0,redmi,30.0,1,1,0,0,0,1,1,0,0
739,4.0,4903.0,2799.0,truke,70.0,1,0,0,0,0,0,0,0,1
740,3.8,147.0,1999.0,signatize,35.0,0,0,0,0,0,0,0,0,0
741,3.7,167.0,2999.0,bullstorm,50.0,0,0,0,0,0,1,0,0,0
742,3.9,47948.0,3999.0,mivi,50.0,1,0,1,0,0,0,1,0,0
743,3.8,293.0,9499.0,jbl,48.0,0,1,0,0,0,0,0,0,1
744,4.1,9575.0,1999.0,triggr,50.0,0,0,0,0,0,0,0,0,0
745,4.0,1658.0,3999.0,truke,70.0,1,0,0,0,1,0,0,0,1
746,4.1,12805.0,3999.0,mivi,60.0,1,0,1,0,0,0,0,0,0
747,3.7,167.0,2999.0,bullstorm,50.0,0,0,0,0,0,1,0,0,0
748,4.0,18413.0,1999.0,triggr,40.0,0,0,1,0,0,0,0,0,0
749,4.0,3341.0,3199.0,ptron,45.0,1,0,0,0,0,0,1,0,0
750,3.8,106.0,2999.0,magicmart,60.0,1,0,0,0,0,0,0,0,1
751,3.8,53.0,1299.0,tp,55.0,0,0,0,0,0,0,0,0,0
752,3.6,2983.0,1400.0,ns,50.0,0,0,0,0,0,0,0,0,0
753,4.0,3848.0,6490.0,boat,50.0,0,0,0,0,0,0,0,0,1
754,3.9,92009.0,2999.0,mivi,50.0,0,0,1,0,0,0,0,0,0
755,4.0,9559.0,4999.0,hoppup,50.0,1,0,0,0,0,1,1,0,0
756,3.8,66493.0,2999.0,aroma,70.0,0,1,1,0,0,0,0,0,0
757,3.4,5.0,10999.0,boston,50.0,0,0,0,0,0,0,0,0,0
758,4.1,6884.0,2999.0,truke,70.0,1,0,0,0,0,0,0,0,4
759,4.0,14466.0,1999.0,triggr,40.0,0,0,0,0,0,0,0,0,0
760,3.7,17411.0,1499.0,caidea,40.0,0,0,1,0,1,0,0,0,0
761,4.0,12805.0,1999.0,niklakk,50.0,0,0,0,0,0,0,0,0,0
762,4.1,6884.0,2999.0,truke,70.0,1,0,0,0,0,0,0,0,4
763,4.0,116.0,3990.0,boat,50.0,0,0,0,0,0,0,0,0,0
764,3.8,66493.0,2999.0,aroma,60.0,0,0,1,0,0,0,0,0,0
765,4.0,9603.0,2999.0,truke,70.0,1,0,0,0,0,0,0,0,1
766,3.9,534.0,6999.0,boston,30.0,1,0,0,0,0,1,1,0,0
767,3.7,17411.0,3499.0,caidea,75.0,0,1,1,0,0,0,0,0,0
768,4.3,91.0,1999.0,kratos,50.0,0,0,0,0,0,0,0,0,0
769,4.0,2916.0,17990.0,boat,50.0,0,1,0,0,0,0,0,0,1
770,4.0,12805.0,1999.0,sendrata,48.0,1,0,0,1,0,0,0,0,0
771,3.5,13.0,2399.0,firegold,48.0,0,0,0,0,0,0,0,0,1
772,3.8,1252.0,3999.0,noise,60.0,1,1,0,0,0,0,1,0,0
773,4.1,1176.0,4999.0,noise,70.0,0,1,0,0,0,0,0,0,0
774,4.4,8657.0,13999.0,oneplus,50.0,0,0,0,0,0,0,0,0,0
775,4.1,12805.0,3999.0,mivi,60.0,1,0,1,0,0,0,0,0,0
776,3.7,17411.0,2999.0,caidea,50.0,0,0,1,0,0,0,0,0,0
777,4.0,23.0,2999.0,modishombre,100.0,0,0,0,0,0,0,0,0,4
778,3.9,8458.0,2999.0,goboult,48.0,1,0,0,0,0,0,0,0,1
779,4.0,89298.0,3499.0,truke,60.0,1,0,0,0,1,0,0,0,1
780,3.8,371.0,2399.0,firegold,48.0,0,0,0,0,1,0,0,0,1
781,3.6,135.0,2379.0,magicmart,40.0,1,0,0,0,1,0,0,0,1
782,3.9,19111.0,3499.0,noise,50.0,1,0,0,0,0,0,0,0,4
783,4.4,2361.0,13999.0,oneplus,50.0,0,1,0,0,0,0,0,0,0
784,4.1,97.0,8999.0,hammer,50.0,1,1,0,0,0,0,0,0,0
785,4.0,1470.0,4999.0,noise,60.0,0,1,0,0,0,0,0,0,0
786,3.8,66493.0,2999.0,aroma,60.0,0,0,1,0,0,0,0,0,0
787,4.1,11.0,10999.0,boston,40.0,1,0,0,1,0,0,1,0,0
788,3.9,18799.0,3499.0,noise,50.0,1,0,0,0,0,0,0,0,4
789,3.9,17024.0,3999.0,triggr,60.0,1,0,0,0,1,0,0,0,4
790,4.0,12805.0,1499.0,quantron,50.0,0,0,0,0,0,0,0,0,0
791,3.7,17411.0,3499.0,caidea,75.0,0,1,1,0,0,0,0,0,0
792,4.0,6339.0,1999.0,portronics,50.0,0,0,0,0,0,0,0,0,0
793,4.5,416.0,22900.0,google,50.0,0,0,0,0,0,0,0,0,0
794,3.9,24800.0,2499.0,goboult,55.0,1,0,0,0,0,0,1,0,1
795,4.0,6420.0,3999.0,noise,50.0,1,0,0,0,0,0,1,0,4
796,3.8,38093.0,2899.0,aroma,60.0,0,1,1,0,0,0,0,0,0
797,3.9,53908.0,3499.0,mivi,55.0,0,0,1,0,0,0,0,0,0
798,3.9,13527.0,2999.0,realme,28.0,1,0,0,0,0,0,0,0,0
799,4.1,117.0,1999.0,portronics,30.0,0,0,0,0,0,0,0,0,1
800,4.5,12.0,3999.0,inear,40.0,0,0,0,1,0,0,0,0,0
801,3.8,177.0,4999.0,bleat,80.0,0,0,1,0,0,0,0,0,0
802,4.1,117.0,1999.0,portronics,30.0,0,0,0,0,0,0,0,0,1
803,3.4,66399.0,1999.0,techfire,100.0,0,0,0,0,0,0,0,0,0
804,3.7,545.0,3499.0,hammer,50.0,0,0,0,0,0,0,0,0,0
805,3.9,53908.0,3499.0,mivi,55.0,0,0,1,0,0,0,0,0,0
806,4.0,12805.0,1299.0,ozava,40.0,0,0,0,0,0,0,0,0,0
807,4.0,12805.0,3999.0,vayu,50.0,0,0,0,0,0,0,0,0,0
808,3.9,2230.0,2999.0,goboult,48.0,1,0,0,0,0,0,1,0,1
809,3.9,2977.0,6999.0,number,72.0,1,0,0,0,1,0,0,0,1
810,5.0,3.0,2999.0,unix,50.0,1,1,0,0,0,0,1,0,0
811,3.7,17411.0,3499.0,caidea,75.0,0,1,1,0,0,0,0,0,0
812,4.0,1087.0,4499.0,zebronics,40.0,1,0,0,0,0,1,1,0,4
813,3.7,66080.0,6990.0,boat,60.0,0,1,0,0,0,0,0,0,0
814,4.1,11425.0,3499.0,mivi,60.0,0,0,1,0,0,0,0,0,0
815,4.3,1633.0,16999.0,jbl,40.0,0,1,0,0,0,1,0,0,1
816,3.8,66493.0,2999.0,aroma,60.0,0,0,1,0,0,0,0,0,0
817,3.6,256.0,10999.0,boston,40.0,1,1,0,0,0,0,0,0,0
818,3.8,6878.0,2999.0,oraimo,40.0,1,0,0,0,0,0,0,0,1
819,4.3,11504.0,2999.0,cmf,50.0,0,1,0,0,0,1,0,0,0
820,4.0,12805.0,399.0,symmy,50.0,0,0,0,0,0,0,0,0,0
821,3.6,135.0,2379.0,magicmart,40.0,1,0,0,0,1,0,0,0,1
822,4.0,2291.0,7999.0,boat,100.0,0,1,0,0,1,0,0,0,0
823,4.0,1658.0,3999.0,truke,70.0,1,0,0,0,1,0,0,0,1
824,4.2,142.0,9999.0,samsung,50.0,0,0,0,0,0,0,0,0,0
825,3.9,439.0,12990.0,sony,50.0,0,0,0,0,0,0,0,0,0
826,4.1,13.0,6999.0,boston,30.0,1,0,0,0,0,1,1,0,0
827,3.9,335.0,6999.0,boston,32.0,0,1,0,1,0,0,0,0,0
828,4.0,14466.0,1999.0,triggr,40.0,0,0,0,0,0,0,0,0,0
829,4.0,23820.0,5490.0,boat,40.0,0,0,0,0,0,0,0,0,1
830,4.2,27.0,6999.0,boston,30.0,1,0,0,0,0,1,1,0,0
831,3.3,12.0,6999.0,boston,32.0,0,1,0,1,0,0,0,0,0
832,4.0,89298.0,3499.0,truke,60.0,1,0,0,0,1,0,0,0,1
833,4.0,43676.0,2999.0,truke,60.0,0,0,0,0,0,0,0,0,0
834,4.4,1871.0,3499.0,truke,60.0,0,0,1,0,0,0,0,0,0
835,3.9,92009.0,2999.0,mivi,50.0,0,0,1,0,0,0,0,0,0
836,3.7,21.0,2999.0,firegold,40.0,0,0,0,0,0,0,0,0,1
837,3.6,28.0,3599.0,bleat,80.0,1,1,1,0,0,0,0,0,0
838,4.0,8013.0,4499.0,noise,60.0,1,0,0,0,0,0,0,0,4
839,4.1,142091.0,8999.0,boat,120.0,0,1,0,0,0,0,0,0,0
840,4.0,12805.0,3999.0,otago,50.0,0,0,0,0,0,1,0,0,0
841,3.7,434.0,2999.0,firegold,60.0,1,0,0,0,0,0,0,0,1
842,3.7,978.0,1999.0,magenese,280.0,0,0,0,0,0,0,0,0,0
843,3.8,38093.0,2899.0,aroma,60.0,0,1,1,0,0,0,0,0,0
844,3.8,70165.0,4999.0,noise,70.0,1,1,0,0,0,0,0,0,4
845,4.4,5835.0,7999.0,realme,48.0,0,1,0,0,0,0,0,0,1
846,3.6,11.0,6999.0,boston,30.0,1,0,0,0,0,1,1,0,0
847,3.5,11.0,1999.0,jazx,52.0,1,0,1,0,0,0,0,0,0
848,3.7,17411.0,2999.0,caidea,50.0,1,0,1,0,1,0,0,0,0
849,3.9,13527.0,2999.0,realme,28.0,1,0,0,0,0,0,0,0,0
850,4.0,12805.0,999.0,otago,50.0,1,0,0,0,0,1,1,0,2
851,3.6,211.0,8999.0,boston,32.0,0,1,0,0,0,0,0,0,0
852,3.6,34.0,1999.0,joker,100.0,1,0,0,0,0,0,1,0,0
853,3.9,3887.0,4999.0,hoppup,40.0,1,0,0,0,0,0,1,0,0
854,3.9,17045.0,3999.0,triggr,60.0,1,0,0,0,1,0,0,0,4
855,3.9,258.0,2999.0,leaf,40.0,0,0,0,0,0,0,0,0,0
856,3.9,534.0,6999.0,boston,30.0,1,0,0,0,0,1,1,0,0
857,3.9,24.0,5999.0,boston,32.0,0,0,0,0,0,0,0,0,0
858,4.4,14422.0,7999.0,realme,40.0,0,1,0,0,0,0,0,0,0
859,3.6,427.0,1992.0,gwalbros,48.0,0,0,0,0,0,0,0,0,0
860,3.6,8.0,1999.0,sendrata,45.0,1,0,1,0,0,0,1,0,0
861,4.5,12.0,3999.0,inear,40.0,0,0,0,1,0,0,0,0,0
862,3.8,6157.0,1999.0,microflash,50.0,1,0,0,0,0,0,1,0,2
863,4.1,24977.0,7490.0,boat,50.0,0,0,0,0,0,0,0,0,1
864,4.3,20578.0,3499.0,cmf,50.0,0,1,0,0,0,0,0,0,0
865,4.0,135803.0,3499.0,boat,40.0,1,0,0,0,0,0,1,1,0
866,3.6,14.0,10999.0,boston,40.0,0,0,0,0,0,0,0,0,0
867,3.6,68.0,3499.0,onyze,50.0,1,0,0,0,1,1,0,0,1
868,4.2,66.0,5999.0,number,70.0,1,0,0,0,1,0,0,0,1
869,3.8,11259.0,2999.0,noise,60.0,1,0,0,0,1,0,1,0,4
870,3.6,256.0,10999.0,boston,40.0,1,1,0,0,0,0,0,0,0
871,3.4,17.0,2999.0,unix,40.0,0,0,0,0,1,0,0,0,0
872,3.7,66080.0,6990.0,boat,60.0,0,1,0,0,0,0,0,0,0
873,3.5,15339.0,999.0,techio,50.0,0,0,0,0,0,0,0,0,0
874,3.9,18799.0,3499.0,noise,50.0,1,0,0,0,0,0,0,0,4
875,4.0,1470.0,4999.0,noise,60.0,0,1,0,0,0,0,0,0,0
876,3.6,5.0,1499.0,m,35.0,0,0,0,0,0,0,0,0,0
877,4.1,151.0,6999.0,acwo,333.0,0,1,0,0,1,0,0,0,0
878,4.4,2361.0,13999.0,oneplus,50.0,0,0,0,0,0,0,0,0,0
879,4.0,27513.0,5999.0,mivi,60.0,0,0,1,0,0,0,0,0,0
880,4.0,12805.0,3999.0,otago,50.0,0,0,0,0,0,1,0,0,0
881,3.7,434.0,2999.0,firegold,60.0,1,0,0,0,0,0,0,0,1
882,3.7,978.0,3499.0,magenese,280.0,0,0,0,0,0,0,0,0,0
883,4.0,12805.0,3499.0,Unknown,50.0,0,0,0,0,0,0,0,0,0
884,4.0,12805.0,3499.0,Unknown,50.0,0,0,0,0,0,0,0,0,0
885,4.0,12805.0,3499.0,Unknown,50.0,0,0,0,0,0,0,0,0,0
886,4.0,12805.0,3499.0,Unknown,50.0,0,0,0,0,0,0,0,0,0
887,4.0,12805.0,3499.0,Unknown,50.0,0,0,0,0,0,0,0,0,0
888,4.0,12805.0,3499.0,Unknown,50.0,0,0,0,0,0,0,0,0,0
889,4.0,12805.0,3499.0,Unknown,50.0,0,0,0,0,0,0,0,0,0
890,4.0,12805.0,3499.0,Unknown,50.0,0,0,0,0,0,0,0,0,0
891,4.0,12805.0,3499.0,Unknown,50.0,0,0,0,0,0,0,0,0,0
892,4.0,12805.0,3499.0,Unknown,50.0,0,0,0,0,0,0,0,0,0
893,4.0,12805.0,3499.0,Unknown,50.0,0,0,0,0,0,0,0,0,0
894,4.0,12805.0,3499.0,Unknown,50.0,0,0,0,0,0,0,0,0,0
895,4.0,12805.0,3499.0,Unknown,50.0,0,0,0,0,0,0,0,0,0
896,4.0,12805.0,3499.0,Unknown,50.0,0,0,0,0,0,0,0,0,0
897,4.0,12805.0,3499.0,Unknown,50.0,0,0,0,0,0,0,0,0,0
898,4.0,12805.0,3499.0,Unknown,50.0,0,0,0,0,0,0,0,0,0
899,4.0,12805.0,3499.0,Unknown,50.0,0,0,0,0,0,0,0,0,0
900,4.0,12805.0,3499.0,Unknown,50.0,0,0,0,0,0,0,0,0,0
901,4.0,12805.0,3499.0,Unknown,50.0,0,0,0,0,0,0,0,0,0
902,4.0,12805.0,3499.0,Unknown,50.0,0,0,0,0,0,0,0,0,0
903,4.0,12805.0,3499.0,Unknown,50.0,0,0,0,0,0,0,0,0,0
904,4.0,12805.0,3499.0,Unknown,50.0,0,0,0,0,0,0,0,0,0
905,4.0,12805.0,3499.0,Unknown,50.0,0,0,0,0,0,0,0,0,0
906,4.0,12805.0,3499.0,Unknown,50.0,0,0,0,0,0,0,0,0,0
907,4.0,12805.0,3499.0,Unknown,50.0,0,0,0,0,0,0,0,0,0
908,4.0,12805.0,3499.0,Unknown,50.0,0,0,0,0,0,0,0,0,0
909,4.0,12805.0,3499.0,Unknown,50.0,0,0,0,0,0,0,0,0,0
910,4.0,12805.0,3499.0,Unknown,50.0,0,0,0,0,0,0,0,0,0
911,4.0,12805.0,3499.0,Unknown,50.0,0,0,0,0,0,0,0,0,0
912,4.0,12805.0,3499.0,Unknown,50.0,0,0,0,0,0,0,0,0,0
913,4.0,12805.0,3499.0,Unknown,50.0,0,0,0,0,0,0,0,0,0
914,4.0,12805.0,3499.0,Unknown,50.0,0,0,0,0,0,0,0,0,0
915,4.0,12805.0,3499.0,Unknown,50.0,0,0,0,0,0,0,0,0,0
916,4.0,12805.0,3499.0,Unknown,50.0,0,0,0,0,0,0,0,0,0
917,4.0,12805.0,3499.0,Unknown,50.0,0,0,0,0,0,0,0,0,0
918,4.0,12805.0,3499.0,Unknown,50.0,0,0,0,0,0,0,0,0,0
919,4.0,12805.0,3499.0,Unknown,50.0,0,0,0,0,0,0,0,0,0
920,3.5,13.0,2499.0,unix,40.0,0,0,0,0,0,0,0,0,4
921,3.7,23.0,4299.0,unix,40.0,1,0,0,0,0,0,0,0,0
922,3.8,2820.0,3999.0,triggr,40.0,0,0,0,0,1,0,0,0,0
923,3.9,12665.0,4990.0,boat,75.0,0,0,0,0,0,0,0,0,1
924,3.8,2504.0,999.0,signatize,50.0,0,0,0,0,0,0,0,0,0
925,4.0,116.0,3990.0,boat,50.0,0,0,0,0,0,0,0,0,0
926,3.6,8.0,3599.0,walta,50.0,0,0,0,0,0,0,0,0,0
927,3.5,6.0,1999.0,unix,50.0,1,0,0,0,0,0,0,0,0
928,3.5,3275.0,2499.0,bullstorm,50.0,0,1,0,0,0,0,0,0,0
929,3.5,6171.0,2699.0,bullstorm,50.0,0,0,0,0,0,0,0,0,0
930,3.3,14.0,3499.0,adcom,40.0,1,0,0,0,0,1,1,0,1
931,3.7,23.0,4299.0,unix,40.0,1,0,0,0,0,0,0,0,0
932,4.1,24977.0,5990.0,boat,50.0,0,0,0,0,0,0,0,0,1
933,4.0,239.0,3999.0,infinix,50.0,1,1,0,0,0,0,1,0,1
934,4.0,32163.0,4999.0,number,50.0,1,0,0,0,0,1,1,1,1
935,3.5,37854.0,1985.0,techio,50.0,0,0,0,0,0,0,0,0,0
936,3.8,17.0,4196.0,acwo,40.0,1,1,0,0,0,0,0,0,0
937,4.1,79.0,4999.0,acwo,65.0,1,0,0,0,1,0,0,0,4
938,3.9,2977.0,6999.0,number,72.0,1,0,0,0,1,0,0,0,1
939,4.1,34129.0,4999.0,hoppup,50.0,0,0,0,0,0,1,0,0,0
940,4.0,26.0,4396.0,acwo,40.0,1,1,1,0,0,0,1,0,0
941,3.5,54.0,5499.0,acwo,50.0,0,1,1,0,0,0,0,0,0
942,4.3,414608.0,3999.0,oppo,28.0,1,1,0,0,0,0,0,0,0
943,4.3,3623.0,4999.0,poco,36.0,1,1,0,0,0,0,0,0,4
944,3.9,441.0,12990.0,sony,30.0,0,1,0,0,0,0,0,0,0
945,3.9,63.0,4990.0,boat,50.0,0,0,0,0,0,0,0,0,0
946,3.6,71.0,3599.0,acwo,50.0,0,0,0,0,0,0,0,0,0
947,4.1,107.0,4999.0,acwo,65.0,1,0,0,0,0,0,1,0,0
948,3.9,47948.0,3999.0,mivi,50.0,1,0,1,0,0,1,1,0,0
949,3.9,2977.0,6999.0,number,72.0,1,0,0,0,1,0,0,0,1
950,3.6,71.0,3599.0,acwo,55.0,1,0,0,0,0,0,0,0,0
951,4.4,5835.0,7999.0,realme,48.0,0,1,0,0,0,0,0,0,1
952,4.0,32163.0,4999.0,number,50.0,1,0,0,0,0,1,1,1,1
953,4.1,10719.0,4999.0,hoppup,50.0,1,0,0,0,0,1,1,1,0
954,3.8,11259.0,2999.0,noise,60.0,1,0,0,0,1,0,1,0,4
955,4.1,13472.0,7999.0,moto,42.0,0,0,0,0,0,0,0,0,0
956,4.0,4052.0,11990.0,sony,18.0,0,0,0,0,0,0,0,0,0
957,3.7,1951.0,3499.0,lexolt,120.0,1,0,0,0,0,0,0,0,0
958,3.9,17045.0,3999.0,triggr,60.0,1,0,0,0,1,0,0,0,4
959,3.5,922.0,1899.0,sobeys,50.0,0,0,0,0,0,0,0,0,0
960,3.6,927.0,1899.0,sobeys,50.0,0,0,0,0,0,0,0,0,0
961,4.0,135803.0,3499.0,boat,40.0,1,0,0,0,0,0,1,1,0
962,3.9,32253.0,5999.0,goboult,60.0,1,0,1,0,0,0,0,0,1
963,4.0,6420.0,3999.0,noise,50.0,1,0,0,0,0,0,1,0,4
964,4.0,8.0,1999.0,shivay,48.0,0,1,1,0,0,0,0,0,1
965,3.6,24866.0,2599.0,ptron,32.0,0,0,0,1,0,0,0,0,0
966,3.7,1298.0,1499.0,earbuddy,48.0,0,0,0,0,0,0,0,0,0
967,3.7,1473.0,3999.0,philips,55.0,1,1,0,0,0,0,0,0,0
968,4.1,1504.0,1999.0,portronics,30.0,0,0,0,0,0,0,0,0,0
969,3.9,16371.0,4999.0,boat,50.0,0,0,0,0,0,0,0,0,2
970,3.9,5038.0,7999.0,number,50.0,1,1,0,0,0,1,1,0,1
971,4.1,19.0,1588.0,allons,50.0,0,0,0,0,0,0,0,0,0
972,4.0,27513.0,5999.0,mivi,60.0,0,0,1,0,0,0,0,0,0
973,4.1,8286.0,3999.0,mivi,60.0,1,0,1,0,0,0,0,0,0
974,3.9,12621.0,2999.0,mivi,45.0,1,0,1,0,0,0,1,0,0
975,4.0,88956.0,3999.0,triggr,70.0,1,0,0,0,1,0,0,0,0
976,3.9,3654.0,3999.0,triggr,40.0,0,0,0,0,1,0,0,0,0
977,4.2,1394.0,2799.0,truke,60.0,0,0,0,0,1,0,0,0,0
978,3.9,258.0,4999.0,hoppup,40.0,1,0,0,0,0,0,1,0,0
979,3.8,9358.0,5999.0,jbl,32.0,0,0,0,0,0,1,0,0,0
980,4.1,13472.0,7999.0,moto,42.0,0,0,0,0,0,0,0,0,0
981,3.8,113850.0,4490.0,boat,50.0,0,0,0,0,0,0,0,0,0
982,3.6,6941.0,1400.0,ns,20.0,0,0,0,0,0,0,0,0,0
983,4.0,20267.0,4999.0,redmi,50.0,1,1,0,0,0,0,0,0,1
984,3.4,350.0,2310.0,towst,60.0,0,0,0,0,0,1,0,0,0
985,3.8,5012.0,6999.0,nothing,50.0,0,0,0,0,0,0,0,0,0
986,4.3,125199.0,3999.0,realme,40.0,0,1,0,0,0,0,0,0,0
987,4.0,1327.0,12990.0,sony,50.0,0,0,0,0,0,0,0,0,0
988,4.2,39.0,9999.0,samsung,50.0,0,0,0,0,0,0,0,0,0
989,3.9,124.0,1588.0,allons,50.0,0,0,0,0,0,0,0,0,0
990,4.0,1257.0,4999.0,hoppup,50.0,1,0,0,0,0,0,1,0,1
991,3.9,3887.0,4999.0,hoppup,40.0,1,0,0,0,0,0,1,0,0
992,4.3,91.0,1999.0,kratos,50.0,0,0,0,0,0,0,0,0,0
993,4.0,2254.0,5999.0,hoppup,50.0,0,0,0,0,0,1,0,0,0
994,3.6,96.0,999.0,fixon,50.0,0,0,0,0,0,0,0,0,1
995,4.2,541.0,29990.0,sony,50.0,0,0,0,0,0,0,0,0,0
996,4.0,21500.0,4499.0,cmf,39.0,0,1,0,0,0,0,0,0,0
997,3.9,71583.0,2999.0,triggr,40.0,1,0,1,0,0,0,0,0,0
998,3.9,11406.0,6999.0,triggr,100.0,1,0,0,0,1,0,0,0,4
999,3.9,5038.0,7999.0,number,50.0,1,1,0,0,0,1,1,0,1
